{
  "title": "Notifications",
  "description": "Notifications settings.",
  "jupyter.lab.setting-icon": "ui-components:bell",
  "jupyter.lab.menus": {
    "main": [
      {
        "id": "jp-mainmenu-view",
        "items": [
          {
            "type": "separator",
            "rank": 9.9
          },
          {
            "command": "apputils:display-notifications",
            "rank": 9.92
          },
          {
            "type": "separator",
            "rank": 9.99
          }
        ]
      }
    ]
  },
  "additionalProperties": false,
  "properties": {
    "checkForUpdates": {
      "title": "Check for JupyterLab updates",
      "description": "Whether to check for newer version of JupyterLab or not. It requires `fechNews` to be `true` to be active. If `true`, it will make a request to a website.",
      "type": "boolean",
      "default": true
    },
    "doNotDisturbMode": {
      "title": "Silence all notifications",
      "description": "If `true`, no toast notifications will be automatically displayed.",
      "type": "boolean",
      "default": false
    },
    "fetchNews": {
      "title": "Fetch official Jupyter news",
      "description": "Whether to fetch news from Jupyter news feed. If `true`, it will make a request to a website.",
      "enum": ["true", "false", "none"],
      "default": "none"
    }
  },
  "type": "object"
}
