{
  "jupyter.lab.setting-icon": "ui-components:extension",
  "jupyter.lab.setting-icon-label": "Extension Manager",
  "jupyter.lab.menus": {
    "main": [
      {
        "id": "jp-mainmenu-settings",
        "items": [
          {
            "type": "separator",
            "rank": 100
          },
          {
            "command": "extensionmanager:toggle",
            "rank": 100
          },
          {
            "type": "separator",
            "rank": 100
          }
        ]
      }
    ]
  },
  "title": "Extension Manager",
  "description": "Extension manager settings.",
  "properties": {
    "enabled": {
      "title": "Enabled Status",
      "description": "Enables extension manager (requires Node.js/npm).\nWARNING: installing untrusted extensions may be unsafe.",
      "default": true,
      "type": "boolean"
    },
    "disclaimed": {
      "title": "Disclaimed Status",
      "description": "Whether the user agrees the access to external web services and understands extensions may introduce security risks or contain malicious code that runs on his machine.",
      "default": false,
      "type": "boolean"
    },
    "npmRegistry": {
      "title": "NPM Registry",
      "description": "The URI of the NPM registry to use for searching for jupyterlab extensions",
      "default": "https://registry.npmjs.org/-/v1/",
      "type": "string"
    },
    "npmCdn": {
      "title": "NPM Content Delivery Network (CDN)",
      "description": "The URI of the Content Delivery Network (CDN) to use for fetching full package data",
      "default": "https://unpkg.com",
      "type": "string"
    },
    "enableCdn": {
      "title": "Enable Content Delivery Network (CDN)",
      "description": "Enables using the Content Delivery Network (CDN) to fetch full package data.  Otherwise, the configured NPM registry will be used. Due to a lack of CORS support by NPM registry, only disable if supplying a custom registry",
      "default": true,
      "type": "boolean"
    }
  },
  "additionalProperties": false,
  "type": "object"
}
