{
  "title": "Application Commands",
  "description": "Application commands settings.",
  "jupyter.lab.shortcuts": [
    {
      "command": "application:activate-next-tab",
      "keys": ["Ctrl Shift ]"],
      "selector": "body"
    },
    {
      "command": "application:activate-previous-tab",
      "keys": ["Ctrl Shift ["],
      "selector": "body"
    },
    {
      "command": "application:activate-next-tab-bar",
      "keys": ["Ctrl Shift ."],
      "selector": "body"
    },
    {
      "command": "application:activate-previous-tab-bar",
      "keys": ["Ctrl Shift ,"],
      "selector": "body"
    },
    {
      "command": "application:close",
      "keys": ["Alt W"],
      "selector": ".jp-Activity"
    },
    {
      "command": "application:toggle-mode",
      "keys": ["Accel Shift D"],
      "selector": "body"
    },
    {
      "command": "application:toggle-left-area",
      "keys": ["Accel B"],
      "selector": "body"
    },
    {
      "command": "application:toggle-right-area",
      "keys": [""],
      "selector": "body"
    },
    {
      "command": "application:toggle-presentation-mode",
      "keys": [""],
      "selector": "body"
    }
  ],
  "jupyter.lab.menus": {
    "main": [
      {
        "id": "jp-mainmenu-file",
        "items": [
          {
            "type": "separator",
            "rank": 3
          },
          {
            "command": "application:close",
            "rank": 3
          },
          {
            "command": "application:close-all",
            "rank": 3.2
          }
        ]
      },
      {
        "id": "jp-mainmenu-view",
        "items": [
          {
            "type": "separator",
            "rank": 1
          },
          {
            "command": "application:toggle-mode",
            "rank": 1
          },
          {
            "command": "application:toggle-presentation-mode",
            "rank": 1
          },
          {
            "type": "separator",
            "rank": 2
          },
          {
            "command": "application:toggle-left-area",
            "rank": 2
          },
          {
            "command": "application:toggle-right-area",
            "rank": 2
          }
        ]
      }
    ],
    "context": [
      {
        "command": "application:close",
        "selector": "#jp-main-dock-panel .lm-DockPanel-tabBar.jp-Activity .lm-TabBar-tab",
        "rank": 4
      },
      {
        "command": "application:close-other-tabs",
        "selector": "#jp-main-dock-panel .lm-DockPanel-tabBar.jp-Activity .lm-TabBar-tab",
        "rank": 4
      },
      {
        "command": "application:close-right-tabs",
        "selector": "#jp-main-dock-panel .lm-DockPanel-tabBar.jp-Activity .lm-TabBar-tab",
        "rank": 5
      },
      {
        "command": "__internal:context-menu-info",
        "selector": "body",
        "rank": 9007199254740991
      }
    ]
  },
  "properties": {},
  "additionalProperties": false,
  "type": "object"
}
