{
  "jupyter.lab.setting-icon-label": "Sidebar",
  "title": "Sidebar",
  "description": "Sidebar layout settings.",
  "jupyter.lab.menus": {
    "context": [
      {
        "command": "sidebar:switch",
        "selector": ".jp-SideBar .lm-TabBar-tab",
        "rank": 500
      }
    ]
  },
  "properties": {
    "overrides": {
      "type": "object",
      "title": "Overrides",
      "default": {},
      "description": "Overrides for where to show sidebar items\ne.g., {\"jp-debugger-sidebar\": \"left\"}\nYou can also change this by right-clicking the sidebar icons.",
      "properties": {},
      "additionalProperties": {
        "type": "string",
        "enum": ["left", "right"]
      }
    }
  },
  "additionalProperties": false,
  "type": "object"
}
