[
  {
    "bail": true,
    "module": {
      "rules": [
        {
          "test": {},
          "use": [
            "style-loader",
            "css-loader"
          ]
        },
        {
          "test": {},
          "use": "raw-loader"
        },
        {
          "test": {},
          "use": "raw-loader"
        },
        {
          "test": {},
          "use": "file-loader"
        },
        {
          "test": {},
          "use": "file-loader"
        },
        {
          "test": {},
          "use": "url-loader?limit=10000&mimetype=application/font-woff"
        },
        {
          "test": {},
          "use": "url-loader?limit=10000&mimetype=application/font-woff"
        },
        {
          "test": {},
          "use": "url-loader?limit=10000&mimetype=application/octet-stream"
        },
        {
          "test": {},
          "use": "file-loader"
        },
        {
          "test": {},
          "issuer": {},
          "use": {
            "loader": "svg-url-loader",
            "options": {
              "encoding": "none",
              "limit": 10000
            }
          }
        },
        {
          "test": {},
          "issuer": {},
          "use": {
            "loader": "raw-loader"
          }
        },
        {
          "test": {},
          "type": "javascript/auto"
        },
        {
          "test": {},
          "resolve": {
            "fullySpecified": false
          }
        },
        {
          "test": {},
          "resolve": {
            "fullySpecified": false
          }
        },
        {
          "test": {},
          "include": [],
          "use": [
            "source-map-loader"
          ],
          "enforce": "pre"
        }
      ]
    },
    "resolve": {
      "alias": {
        "@phosphor/algorithm$": "/home/runner/work/jupyter_releaser/jupyter_releaser/.jupyter_releaser_checkout/jupyterlab/staging/node_modules/@lumino/algorithm/dist/index.js",
        "@phosphor/application$": "/home/runner/work/jupyter_releaser/jupyter_releaser/.jupyter_releaser_checkout/jupyterlab/staging/node_modules/@lumino/application/dist/index.js",
        "@phosphor/commands$": "/home/runner/work/jupyter_releaser/jupyter_releaser/.jupyter_releaser_checkout/jupyterlab/staging/node_modules/@lumino/commands/dist/index.js",
        "@phosphor/coreutils$": "/home/runner/work/jupyter_releaser/jupyter_releaser/.jupyter_releaser_checkout/jupyterlab/staging/node_modules/@lumino/coreutils/dist/index.node.js",
        "@phosphor/disposable$": "/home/runner/work/jupyter_releaser/jupyter_releaser/.jupyter_releaser_checkout/jupyterlab/staging/node_modules/@lumino/disposable/dist/index.js",
        "@phosphor/domutils$": "/home/runner/work/jupyter_releaser/jupyter_releaser/.jupyter_releaser_checkout/jupyterlab/staging/node_modules/@lumino/domutils/dist/index.js",
        "@phosphor/dragdrop$": "/home/runner/work/jupyter_releaser/jupyter_releaser/.jupyter_releaser_checkout/jupyterlab/staging/node_modules/@lumino/dragdrop/dist/index.js",
        "@phosphor/dragdrop/style": "/home/runner/work/jupyter_releaser/jupyter_releaser/.jupyter_releaser_checkout/jupyterlab/staging/node_modules/@lumino/widgets/style",
        "@phosphor/messaging$": "/home/runner/work/jupyter_releaser/jupyter_releaser/.jupyter_releaser_checkout/jupyterlab/staging/node_modules/@lumino/messaging/dist/index.js",
        "@phosphor/properties$": "/home/runner/work/jupyter_releaser/jupyter_releaser/.jupyter_releaser_checkout/jupyterlab/staging/node_modules/@lumino/properties/dist/index.js",
        "@phosphor/signaling": "/home/runner/work/jupyter_releaser/jupyter_releaser/.jupyter_releaser_checkout/jupyterlab/staging/node_modules/@lumino/signaling/dist/index.js",
        "@phosphor/widgets/style": "/home/runner/work/jupyter_releaser/jupyter_releaser/.jupyter_releaser_checkout/jupyterlab/staging/node_modules/@lumino/widgets/style",
        "@phosphor/virtualdom$": "/home/runner/work/jupyter_releaser/jupyter_releaser/.jupyter_releaser_checkout/jupyterlab/staging/node_modules/@lumino/virtualdom/dist/index.js",
        "@phosphor/widgets$": "/home/runner/work/jupyter_releaser/jupyter_releaser/.jupyter_releaser_checkout/jupyterlab/staging/node_modules/@lumino/widgets/dist/index.js"
      },
      "fallback": {
        "url": false,
        "buffer": false,
        "crypto": false,
        "path": "/home/runner/work/jupyter_releaser/jupyter_releaser/.jupyter_releaser_checkout/jupyterlab/staging/node_modules/path-browserify/index.js",
        "process": "/home/runner/work/jupyter_releaser/jupyter_releaser/.jupyter_releaser_checkout/jupyterlab/staging/node_modules/process/browser.js"
      }
    },
    "watchOptions": {
      "poll": 500,
      "aggregateTimeout": 1000
    },
    "output": {
      "hashFunction": "sha256",
      "path": "/home/runner/work/jupyter_releaser/jupyter_releaser/.jupyter_releaser_checkout/jupyterlab/staging/build",
      "publicPath": "{{page_config.fullStaticUrl}}/",
      "filename": "[name].[contenthash].js"
    },
    "plugins": [
      {
        "definitions": {
          "process": "process/browser"
        }
      },
      {
        "options": {
          "verbose": true,
          "showHelp": true,
          "emitError": false,
          "strict": true
        }
      },
      {
        "userOptions": {
          "chunksSortMode": "none",
          "template": "/home/runner/work/jupyter_releaser/jupyter_releaser/.jupyter_releaser_checkout/jupyterlab/staging/templates/template.html",
          "title": "JupyterLab"
        },
        "version": 5
      },
      {},
      {
        "buildDir": "/home/runner/work/jupyter_releaser/jupyter_releaser/.jupyter_releaser_checkout/jupyterlab/staging/build",
        "staticDir": "../static",
        "_first": true
      },
      {
        "_options": {
          "library": {
            "type": "var",
            "name": [
              "_JUPYTERLAB",
              "CORE_LIBRARY_FEDERATION"
            ]
          },
          "name": "CORE_FEDERATION",
          "shared": {
            "@jupyter/ydoc": {
              "requiredVersion": "~0.2.0",
              "singleton": true
            },
            "@jupyterlab/application": {
              "requiredVersion": "~3.6.1",
              "singleton": true
            },
            "@jupyterlab/application-extension": {
              "requiredVersion": "~3.6.1"
            },
            "@jupyterlab/apputils": {
              "requiredVersion": "~3.6.1",
              "singleton": true
            },
            "@jupyterlab/apputils-extension": {
              "requiredVersion": "~3.6.1"
            },
            "@jupyterlab/attachments": {
              "requiredVersion": "~3.6.1"
            },
            "@jupyterlab/cell-toolbar": {
              "requiredVersion": "~3.6.1",
              "singleton": true
            },
            "@jupyterlab/cell-toolbar-extension": {
              "requiredVersion": "~3.6.1"
            },
            "@jupyterlab/cells": {
              "requiredVersion": "~3.6.1"
            },
            "@jupyterlab/celltags": {
              "requiredVersion": "~3.6.1"
            },
            "@jupyterlab/celltags-extension": {
              "requiredVersion": "~3.6.1"
            },
            "@jupyterlab/codeeditor": {
              "requiredVersion": "~3.6.1",
              "singleton": true
            },
            "@jupyterlab/codemirror": {
              "requiredVersion": "~3.6.1",
              "singleton": true
            },
            "@jupyterlab/codemirror-extension": {
              "requiredVersion": "~3.6.1"
            },
            "@jupyterlab/collaboration": {
              "requiredVersion": "~3.6.1",
              "singleton": true
            },
            "@jupyterlab/collaboration-extension": {
              "requiredVersion": "~3.6.1"
            },
            "@jupyterlab/completer": {
              "requiredVersion": "~3.6.1",
              "singleton": true
            },
            "@jupyterlab/completer-extension": {
              "requiredVersion": "~3.6.1"
            },
            "@jupyterlab/console": {
              "requiredVersion": "~3.6.1",
              "singleton": true
            },
            "@jupyterlab/console-extension": {
              "requiredVersion": "~3.6.1"
            },
            "@jupyterlab/coreutils": {
              "requiredVersion": "~5.6.1",
              "singleton": true
            },
            "@jupyterlab/csvviewer": {
              "requiredVersion": "~3.6.1"
            },
            "@jupyterlab/csvviewer-extension": {
              "requiredVersion": "~3.6.1"
            },
            "@jupyterlab/debugger": {
              "requiredVersion": "~3.6.1",
              "singleton": true
            },
            "@jupyterlab/debugger-extension": {
              "requiredVersion": "~3.6.1"
            },
            "@jupyterlab/docmanager": {
              "requiredVersion": "~3.6.1",
              "singleton": true
            },
            "@jupyterlab/docmanager-extension": {
              "requiredVersion": "~3.6.1"
            },
            "@jupyterlab/docprovider": {
              "requiredVersion": "~3.6.1",
              "singleton": true
            },
            "@jupyterlab/docprovider-extension": {
              "requiredVersion": "~3.6.1"
            },
            "@jupyterlab/docregistry": {
              "requiredVersion": "~3.6.1"
            },
            "@jupyterlab/documentsearch": {
              "requiredVersion": "~3.6.1",
              "singleton": true
            },
            "@jupyterlab/documentsearch-extension": {
              "requiredVersion": "~3.6.1"
            },
            "@jupyterlab/extensionmanager": {
              "requiredVersion": "~3.6.1",
              "singleton": true
            },
            "@jupyterlab/extensionmanager-extension": {
              "requiredVersion": "~3.6.1"
            },
            "@jupyterlab/filebrowser": {
              "requiredVersion": "~3.6.1",
              "singleton": true
            },
            "@jupyterlab/filebrowser-extension": {
              "requiredVersion": "~3.6.1"
            },
            "@jupyterlab/fileeditor": {
              "requiredVersion": "~3.6.1",
              "singleton": true
            },
            "@jupyterlab/fileeditor-extension": {
              "requiredVersion": "~3.6.1"
            },
            "@jupyterlab/help-extension": {
              "requiredVersion": "~3.6.1"
            },
            "@jupyterlab/htmlviewer": {
              "requiredVersion": "~3.6.1"
            },
            "@jupyterlab/htmlviewer-extension": {
              "requiredVersion": "~3.6.1"
            },
            "@jupyterlab/hub-extension": {
              "requiredVersion": "~3.6.1"
            },
            "@jupyterlab/imageviewer": {
              "requiredVersion": "~3.6.1",
              "singleton": true
            },
            "@jupyterlab/imageviewer-extension": {
              "requiredVersion": "~3.6.1"
            },
            "@jupyterlab/inspector": {
              "requiredVersion": "~3.6.1",
              "singleton": true
            },
            "@jupyterlab/inspector-extension": {
              "requiredVersion": "~3.6.1"
            },
            "@jupyterlab/javascript-extension": {
              "requiredVersion": "~3.6.1"
            },
            "@jupyterlab/json-extension": {
              "requiredVersion": "~3.6.1"
            },
            "@jupyterlab/launcher": {
              "requiredVersion": "~3.6.1",
              "singleton": true
            },
            "@jupyterlab/launcher-extension": {
              "requiredVersion": "~3.6.1"
            },
            "@jupyterlab/logconsole": {
              "requiredVersion": "~3.6.1",
              "singleton": true
            },
            "@jupyterlab/logconsole-extension": {
              "requiredVersion": "~3.6.1"
            },
            "@jupyterlab/mainmenu": {
              "requiredVersion": "~3.6.1",
              "singleton": true
            },
            "@jupyterlab/mainmenu-extension": {
              "requiredVersion": "~3.6.1"
            },
            "@jupyterlab/markdownviewer": {
              "requiredVersion": "~3.6.1",
              "singleton": true
            },
            "@jupyterlab/markdownviewer-extension": {
              "requiredVersion": "~3.6.1"
            },
            "@jupyterlab/mathjax2": {
              "requiredVersion": "~3.6.1"
            },
            "@jupyterlab/mathjax2-extension": {
              "requiredVersion": "~3.6.1"
            },
            "@jupyterlab/metapackage": {
              "requiredVersion": "~3.6.1"
            },
            "@jupyterlab/nbconvert-css": {
              "requiredVersion": "~3.6.1"
            },
            "@jupyterlab/nbformat": {
              "requiredVersion": "~3.6.1"
            },
            "@jupyterlab/notebook": {
              "requiredVersion": "~3.6.1",
              "singleton": true
            },
            "@jupyterlab/notebook-extension": {
              "requiredVersion": "~3.6.1"
            },
            "@jupyterlab/observables": {
              "requiredVersion": "~4.6.1"
            },
            "@jupyterlab/outputarea": {
              "requiredVersion": "~3.6.1"
            },
            "@jupyterlab/pdf-extension": {
              "requiredVersion": "~3.6.1"
            },
            "@jupyterlab/property-inspector": {
              "requiredVersion": "~3.6.1"
            },
            "@jupyterlab/rendermime": {
              "requiredVersion": "~3.6.1",
              "singleton": true
            },
            "@jupyterlab/rendermime-extension": {
              "requiredVersion": "~3.6.1"
            },
            "@jupyterlab/rendermime-interfaces": {
              "requiredVersion": "~3.6.1",
              "singleton": true
            },
            "@jupyterlab/running": {
              "requiredVersion": "~3.6.1"
            },
            "@jupyterlab/running-extension": {
              "requiredVersion": "~3.6.1"
            },
            "@jupyterlab/services": {
              "requiredVersion": "~6.6.1",
              "singleton": true
            },
            "@jupyterlab/settingeditor": {
              "requiredVersion": "~3.6.1",
              "singleton": true
            },
            "@jupyterlab/settingeditor-extension": {
              "requiredVersion": "~3.6.1"
            },
            "@jupyterlab/settingregistry": {
              "requiredVersion": "~3.6.1",
              "singleton": true
            },
            "@jupyterlab/shortcuts-extension": {
              "requiredVersion": "~3.6.1"
            },
            "@jupyterlab/statedb": {
              "requiredVersion": "~3.6.1",
              "singleton": true
            },
            "@jupyterlab/statusbar": {
              "requiredVersion": "~3.6.1",
              "singleton": true
            },
            "@jupyterlab/statusbar-extension": {
              "requiredVersion": "~3.6.1"
            },
            "@jupyterlab/terminal": {
              "requiredVersion": "~3.6.1",
              "singleton": true
            },
            "@jupyterlab/terminal-extension": {
              "requiredVersion": "~3.6.1"
            },
            "@jupyterlab/theme-dark-extension": {
              "requiredVersion": "~3.6.1"
            },
            "@jupyterlab/theme-light-extension": {
              "requiredVersion": "~3.6.1"
            },
            "@jupyterlab/toc": {
              "requiredVersion": "~5.6.1",
              "singleton": true
            },
            "@jupyterlab/toc-extension": {
              "requiredVersion": "~5.6.1"
            },
            "@jupyterlab/tooltip": {
              "requiredVersion": "~3.6.1",
              "singleton": true
            },
            "@jupyterlab/tooltip-extension": {
              "requiredVersion": "~3.6.1"
            },
            "@jupyterlab/translation": {
              "requiredVersion": "~3.6.1",
              "singleton": true
            },
            "@jupyterlab/translation-extension": {
              "requiredVersion": "~3.6.1"
            },
            "@jupyterlab/ui-components": {
              "requiredVersion": "~3.6.1",
              "singleton": true
            },
            "@jupyterlab/ui-components-extension": {
              "requiredVersion": "~3.6.1"
            },
            "@jupyterlab/vdom": {
              "requiredVersion": "~3.6.1"
            },
            "@jupyterlab/vdom-extension": {
              "requiredVersion": "~3.6.1"
            },
            "@jupyterlab/vega5-extension": {
              "requiredVersion": "~3.6.1"
            },
            "@lumino/algorithm": {
              "requiredVersion": "^1.9.0",
              "singleton": true
            },
            "@lumino/application": {
              "requiredVersion": "^1.31.3",
              "singleton": true
            },
            "@lumino/commands": {
              "requiredVersion": "^1.19.0",
              "singleton": true
            },
            "@lumino/coreutils": {
              "requiredVersion": "^1.11.0",
              "singleton": true
            },
            "@lumino/disposable": {
              "requiredVersion": "^1.10.0",
              "singleton": true
            },
            "@lumino/domutils": {
              "requiredVersion": "^1.8.0",
              "singleton": true
            },
            "@lumino/dragdrop": {
              "requiredVersion": "^1.13.0",
              "singleton": true
            },
            "@lumino/messaging": {
              "requiredVersion": "^1.10.0",
              "singleton": true
            },
            "@lumino/properties": {
              "requiredVersion": "^1.8.0",
              "singleton": true
            },
            "@lumino/signaling": {
              "requiredVersion": "^1.10.0",
              "singleton": true
            },
            "@lumino/virtualdom": {
              "requiredVersion": "^1.14.0",
              "singleton": true
            },
            "@lumino/widgets": {
              "requiredVersion": "^1.37.1",
              "singleton": true
            },
            "react": {
              "requiredVersion": "^17.0.1",
              "singleton": true
            },
            "react-dom": {
              "requiredVersion": "^17.0.1",
              "singleton": true
            },
            "yjs": {
              "requiredVersion": "^13.5.17",
              "singleton": true
            },
            "@lumino/polling": {
              "requiredVersion": "^1.9.0"
            },
            "es6-promise": {
              "requiredVersion": "~4.2.8"
            },
            "react-toastify": {
              "requiredVersion": "^9.0.8"
            },
            "codemirror": {
              "requiredVersion": "~5.61.0"
            },
            "y-protocols": {
              "requiredVersion": "^1.0.5"
            },
            "y-websocket": {
              "requiredVersion": "^1.3.15"
            },
            "@lumino/datagrid": {
              "requiredVersion": "^0.36.7"
            },
            "@lumino/keyboard": {
              "requiredVersion": "^1.8.1"
            },
            "typestyle": {
              "requiredVersion": "^2.0.4"
            },
            "react-highlighter": {
              "requiredVersion": "^0.4.3"
            },
            "react-json-tree": {
              "requiredVersion": "^0.15.0"
            },
            "vega": {
              "requiredVersion": "^5.20.0"
            },
            "vega-embed": {
              "requiredVersion": "^6.2.1"
            },
            "vega-lite": {
              "requiredVersion": "^5.1.0"
            }
          }
        }
      }
    ],
    "mode": "development",
    "entry": {
      "main": [
        "./publicpath",
        "whatwg-fetch",
        "/home/runner/work/jupyter_releaser/jupyter_releaser/.jupyter_releaser_checkout/jupyterlab/staging/build/bootstrap.js"
      ]
    },
    "optimization": {
      "splitChunks": {
        "chunks": "all",
        "cacheGroups": {
          "jlab_core": {
            "test": {},
            "name": "jlab_core"
          }
        }
      }
    },
    "devtool": "inline-source-map",
    "externals": [
      "node-fetch",
      "ws"
    ]
  },
  {
    "mode": "production",
    "entry": {
      "index": "/home/runner/work/jupyter_releaser/jupyter_releaser/.jupyter_releaser_checkout/jupyterlab/staging/node_modules/@jupyterlab/theme-dark-extension/style/theme.css"
    },
    "output": {
      "path": "/home/runner/work/jupyter_releaser/jupyter_releaser/.jupyter_releaser_checkout/jupyterlab/themes/@jupyterlab/theme-dark-extension",
      "filename": "[name].js",
      "hashFunction": "sha256"
    },
    "module": {
      "rules": [
        {
          "test": {},
          "use": [
            "/home/runner/work/jupyter_releaser/jupyter_releaser/.jupyter_releaser_checkout/jupyterlab/staging/node_modules/mini-css-extract-plugin/dist/loader.js",
            "css-loader"
          ]
        },
        {
          "test": {},
          "use": [
            {
              "loader": "svg-url-loader",
              "options": {
                "encoding": "none"
              }
            }
          ]
        },
        {
          "test": {},
          "use": [
            {
              "loader": "url-loader",
              "options": {
                "limit": 10000
              }
            }
          ]
        }
      ]
    },
    "plugins": [
      {
        "_sortedModulesCache": {},
        "options": {
          "filename": "[name].css",
          "ignoreOrder": false,
          "chunkFilename": "[id].css"
        },
        "runtimeOptions": {
          "linkType": "text/css"
        }
      }
    ]
  },
  {
    "mode": "production",
    "entry": {
      "index": "/home/runner/work/jupyter_releaser/jupyter_releaser/.jupyter_releaser_checkout/jupyterlab/staging/node_modules/@jupyterlab/theme-light-extension/style/theme.css"
    },
    "output": {
      "path": "/home/runner/work/jupyter_releaser/jupyter_releaser/.jupyter_releaser_checkout/jupyterlab/themes/@jupyterlab/theme-light-extension",
      "filename": "[name].js",
      "hashFunction": "sha256"
    },
    "module": {
      "rules": [
        {
          "test": {},
          "use": [
            "/home/runner/work/jupyter_releaser/jupyter_releaser/.jupyter_releaser_checkout/jupyterlab/staging/node_modules/mini-css-extract-plugin/dist/loader.js",
            "css-loader"
          ]
        },
        {
          "test": {},
          "use": [
            {
              "loader": "svg-url-loader",
              "options": {
                "encoding": "none"
              }
            }
          ]
        },
        {
          "test": {},
          "use": [
            {
              "loader": "url-loader",
              "options": {
                "limit": 10000
              }
            }
          ]
        }
      ]
    },
    "plugins": [
      {
        "_sortedModulesCache": {},
        "options": {
          "filename": "[name].css",
          "ignoreOrder": false,
          "chunkFilename": "[id].css"
        },
        "runtimeOptions": {
          "linkType": "text/css"
        }
      }
    ]
  }
]