{
  "title": "Inspector",
  "description": "Inspector settings.",
  "jupyter.lab.menus": {
    "main": [
      {
        "id": "jp-mainmenu-help",
        "items": [
          {
            "type": "separator",
            "rank": 0.1
          },
          {
            "command": "inspector:open",
            "rank": 0.1
          },
          {
            "type": "separator",
            "rank": 0.1
          }
        ]
      }
    ]
  },
  "jupyter.lab.shortcuts": [
    {
      "command": "inspector:open",
      "keys": ["Accel I"],
      "selector": "body"
    }
  ],
  "properties": {},
  "additionalProperties": false,
  "type": "object"
}
